timestamp,Temperature,Humidity,PM2.5,CO2,TVOC,CO,prediction
2026-02-05 22:38:49,33.6,66.0,0.0,376.0,33.0,0.93,Poor
2026-02-05 22:38:54,33.5,66.0,0.0,366.0,14.0,0.91,Poor
2026-02-05 22:39:00,33.6,66.2,0.0,363.0,14.0,0.91,Poor
2026-02-05 22:39:05,33.6,66.2,34.58,362.0,9.0,0.88,Poor
2026-02-05 22:39:11,33.6,66.2,0.0,358.0,7.0,0.91,Poor
2026-02-05 22:39:16,33.6,66.1,0.0,360.0,11.0,0.9,Poor
2026-02-05 22:39:25,33.6,65.9,315.02,360.0,11.0,0.91,Poor
2026-02-05 22:39:30,33.6,65.7,5327.47,355.0,15.0,0.92,Poor
2026-02-05 22:39:36,33.6,65.8,896.85,374.0,22.0,0.92,Poor
2026-02-05 22:39:41,33.6,65.7,0.0,357.0,16.0,0.93,Poor
2026-02-05 22:39:47,33.7,65.8,0.0,366.0,15.0,0.94,Poor
2026-02-05 22:39:55,33.6,65.6,0.0,356.0,7.0,0.93,Poor
2026-02-05 22:40:00,33.7,65.7,0.0,366.0,7.0,0.93,Poor
2026-02-05 22:40:06,33.7,65.8,0.0,355.0,5.0,0.94,Poor
2026-02-05 22:40:11,33.7,65.8,0.0,385.0,37.0,0.92,Poor
2026-02-05 22:40:16,33.7,65.8,0.0,383.0,34.0,0.93,Poor
2026-02-05 22:40:24,33.7,65.9,0.0,362.0,11.0,0.9,Poor
2026-02-05 22:40:30,33.7,66.0,0.0,357.0,7.0,0.91,Poor
2026-02-05 22:40:35,33.7,66.0,0.0,356.0,5.0,0.9,Poor
2026-02-05 22:40:41,33.7,66.1,0.0,356.0,5.0,0.9,Poor
2026-02-05 22:40:46,33.7,66.1,16.85,355.0,14.0,0.9,Poor
2026-02-05 22:40:52,33.7,65.9,0.0,358.0,9.0,0.92,Poor
2026-02-05 22:40:57,33.7,66.1,0.0,356.0,5.0,0.89,Poor
2026-02-05 22:41:03,33.7,66.0,0.0,357.0,7.0,0.9,Poor
2026-02-05 22:41:08,33.7,66.0,0.0,357.0,6.0,0.9,Poor
2026-02-05 22:41:14,33.7,66.1,0.0,359.0,9.0,0.91,Poor
2026-02-05 22:41:19,33.7,66.1,0.0,362.0,11.0,0.93,Poor
2026-02-05 22:41:24,33.7,66.1,0.73,383.0,34.0,0.93,Poor
2026-02-05 22:41:30,33.7,66.0,0.0,359.0,9.0,0.91,Poor
2026-02-05 22:41:35,33.7,65.9,0.0,361.0,11.0,0.9,Poor
2026-02-05 22:41:41,33.7,66.0,0.0,356.0,6.0,0.91,Poor
2026-02-05 22:41:47,33.7,65.8,0.0,360.0,12.0,0.91,Poor
2026-02-05 22:41:52,33.7,65.8,0.0,364.0,17.0,0.93,Poor
2026-02-05 22:41:58,33.7,65.6,52.31,362.0,13.0,0.92,Poor
2026-02-05 22:42:06,33.7,65.7,0.0,363.0,12.0,0.93,Poor
2026-02-05 22:42:11,33.7,65.9,0.0,362.0,16.0,0.92,Poor
2026-02-05 22:42:17,33.7,66.1,0.0,355.0,5.0,0.9,Poor
2026-02-05 22:42:22,33.7,66.2,0.0,364.0,14.0,0.89,Poor
2026-02-05 22:42:27,33.7,66.2,0.0,360.0,9.0,0.89,Poor
2026-02-05 22:42:33,33.8,66.1,0.0,361.0,12.0,0.9,Poor
2026-02-05 22:42:38,33.7,66.0,0.0,363.0,14.0,0.89,Poor
2026-02-05 22:42:44,33.8,65.9,0.0,362.0,12.0,0.9,Poor
2026-02-05 22:42:49,33.8,66.0,0.0,363.0,13.0,0.89,Poor
2026-02-05 22:42:55,33.8,65.9,0.0,363.0,14.0,0.89,Poor
2026-02-05 22:43:00,33.7,66.0,0.0,355.0,5.0,0.91,Poor
2026-02-05 22:43:05,33.7,66.0,0.0,374.0,27.0,0.92,Poor
2026-02-05 22:43:12,33.8,66.0,0.0,373.0,21.0,0.9,Poor
2026-02-05 22:43:18,33.7,66.1,0.0,362.0,13.0,0.89,Poor
2026-02-05 22:43:24,33.7,65.9,0.0,355.0,5.0,0.91,Poor
2026-02-05 22:43:29,33.7,66.0,0.0,364.0,12.0,0.9,Poor
2026-02-05 22:43:35,33.7,65.9,0.0,363.0,13.0,0.89,Poor
2026-02-05 22:43:41,33.8,66.1,0.0,360.0,10.0,0.89,Poor
2026-02-05 22:43:46,33.8,66.1,0.0,357.0,7.0,0.92,Poor
2026-02-05 22:43:51,33.7,66.0,0.0,359.0,9.0,0.93,Poor
2026-02-05 22:43:57,33.7,66.3,0.0,360.0,11.0,0.96,Poor
2026-02-05 22:44:03,33.7,66.3,0.0,361.0,12.0,0.94,Poor
2026-02-05 22:44:08,33.7,66.3,0.0,366.0,12.0,0.94,Poor
2026-02-05 22:44:14,33.6,66.3,0.0,361.0,14.0,0.94,Poor
2026-02-05 22:44:19,33.7,66.6,0.0,368.0,17.0,0.94,Poor
2026-02-05 22:44:25,33.7,66.3,0.0,364.0,14.0,0.95,Poor
2026-02-05 22:44:30,33.6,66.3,0.0,364.0,14.0,0.94,Poor
2026-02-05 22:44:36,33.7,66.4,0.0,364.0,14.0,0.94,Poor
2026-02-05 22:44:41,33.6,66.2,0.0,364.0,14.0,0.94,Poor
2026-02-05 22:44:47,33.6,66.2,0.0,364.0,5.0,0.95,Poor
2026-02-05 22:44:52,33.6,66.3,0.0,364.0,14.0,0.93,Poor
2026-02-05 22:44:58,33.7,66.1,0.0,362.0,11.0,0.94,Poor
2026-02-05 22:45:03,33.6,66.1,0.0,363.0,13.0,0.95,Poor
2026-02-05 22:45:09,33.7,66.0,0.0,362.0,12.0,0.94,Poor
2026-02-05 22:45:14,33.7,65.9,0.0,360.0,10.0,0.92,Poor
2026-02-05 22:45:20,33.6,65.9,0.0,360.0,9.0,0.94,Poor
2026-02-05 22:45:26,33.6,65.9,0.0,358.0,7.0,0.92,Poor
2026-02-05 22:45:31,33.6,65.9,0.0,358.0,8.0,0.93,Poor
2026-02-05 22:45:36,33.6,66.1,0.0,357.0,7.0,0.92,Poor
2026-02-05 22:45:42,33.7,65.8,0.0,356.0,6.0,0.92,Poor
2026-02-05 22:45:47,33.6,65.7,0.0,364.0,13.0,0.92,Poor
2026-02-05 22:45:53,33.6,65.8,0.0,355.0,5.0,0.91,Poor
2026-02-05 22:45:59,33.6,65.8,0.0,364.0,14.0,0.92,Poor
2026-02-05 22:46:04,33.6,65.7,0.0,364.0,14.0,0.92,Poor
2026-02-05 22:46:10,33.6,65.8,0.0,363.0,12.0,0.91,Poor
2026-02-05 22:46:15,33.6,65.7,0.0,362.0,12.0,0.89,Poor
2026-02-05 22:46:21,33.6,65.6,0.0,362.0,12.0,0.89,Poor
2026-02-05 22:46:26,33.6,65.6,0.0,363.0,12.0,0.9,Poor
2026-02-05 22:46:32,33.6,65.5,0.0,361.0,12.0,0.91,Poor
2026-02-05 22:46:37,33.7,65.5,0.0,359.0,8.0,0.89,Poor
2026-02-05 22:46:43,33.6,65.6,0.0,361.0,11.0,0.89,Poor
2026-02-05 22:46:49,33.7,65.4,0.0,361.0,11.0,0.89,Poor
2026-02-05 22:46:54,33.6,65.4,0.0,360.0,9.0,0.89,Poor
2026-02-05 22:47:00,33.7,65.5,0.0,360.0,10.0,0.89,Poor
2026-02-05 22:47:06,33.7,65.4,0.0,358.0,7.0,0.9,Poor
2026-02-05 22:47:12,33.6,65.4,0.0,359.0,9.0,0.89,Poor
2026-02-05 22:47:21,33.7,65.4,0.0,359.0,9.0,0.88,Poor
2026-02-05 22:47:27,33.7,65.3,0.0,358.0,8.0,0.88,Poor
2026-02-05 22:47:32,33.7,65.3,0.0,358.0,7.0,0.88,Poor
2026-02-05 22:47:38,33.6,65.3,0.0,356.0,5.0,0.88,Poor
2026-02-05 22:47:44,33.6,65.3,0.0,355.0,6.0,0.88,Poor
2026-02-05 22:47:50,33.6,65.4,0.0,355.0,5.0,0.89,Poor
2026-02-05 22:47:56,33.6,65.3,0.0,355.0,5.0,0.89,Poor
2026-02-05 22:48:02,33.6,65.3,0.0,355.0,7.0,0.88,Poor
2026-02-05 22:48:08,33.7,65.3,0.0,355.0,14.0,0.88,Poor
2026-02-05 22:48:13,33.6,65.2,0.0,356.0,5.0,0.89,Poor
2026-02-05 22:48:19,33.6,65.4,0.0,357.0,7.0,0.89,Poor
2026-02-05 22:48:25,33.7,65.2,0.0,355.0,5.0,0.88,Poor
2026-02-05 22:48:30,33.7,65.3,0.0,355.0,6.0,0.89,Poor
2026-02-05 22:48:36,33.7,65.1,0.0,355.0,5.0,0.88,Poor
2026-02-05 22:48:41,33.7,65.1,0.0,355.0,6.0,0.87,Poor
2026-02-05 22:48:47,33.6,65.2,0.0,363.0,13.0,0.87,Poor
2026-02-05 22:48:56,33.6,65.3,0.0,356.0,6.0,0.88,Poor
2026-02-05 22:49:02,33.6,65.4,0.0,355.0,5.0,0.87,Poor
2026-02-05 22:49:08,33.6,65.5,0.0,363.0,14.0,0.88,Poor
2026-02-05 22:49:14,33.6,65.4,0.0,355.0,5.0,0.88,Poor
2026-02-05 22:49:20,33.6,65.2,0.0,363.0,13.0,0.88,Poor
2026-02-05 22:49:26,33.6,65.3,0.0,355.0,6.0,0.88,Poor
2026-02-05 22:49:32,33.6,65.3,0.0,362.0,13.0,0.87,Poor
2026-02-05 22:49:38,33.6,65.4,0.0,363.0,12.0,0.88,Poor
2026-02-05 22:49:44,33.6,65.2,0.0,363.0,13.0,0.88,Poor
2026-02-05 22:49:50,33.6,65.3,0.0,355.0,14.0,0.89,Poor
2026-02-05 22:49:56,33.6,65.3,0.0,363.0,14.0,0.88,Poor
2026-02-05 22:50:04,33.6,65.3,0.0,362.0,12.0,0.89,Poor
2026-02-05 22:50:09,33.6,65.3,0.0,364.0,12.0,0.87,Poor
2026-02-05 22:50:15,33.5,65.3,0.0,362.0,13.0,0.89,Poor
2026-02-05 22:50:21,33.5,65.4,0.0,361.0,11.0,0.87,Poor
2026-02-05 22:50:26,33.5,65.5,0.0,361.0,12.0,0.88,Poor
2026-02-05 22:50:35,33.5,65.5,0.0,363.0,14.0,0.89,Poor
2026-02-05 22:50:41,33.5,65.4,0.0,360.0,7.0,0.87,Poor
2026-02-05 22:50:46,33.5,65.5,0.0,360.0,12.0,0.88,Poor
2026-02-05 22:50:52,33.5,65.6,0.0,364.0,5.0,0.89,Poor
2026-02-05 22:50:57,33.5,65.4,0.0,362.0,12.0,0.87,Poor
2026-02-05 22:51:03,33.5,65.5,0.0,363.0,14.0,0.88,Poor
2026-02-05 22:51:09,33.5,65.5,0.0,362.0,12.0,0.87,Poor
2026-02-05 22:51:15,33.5,65.5,0.0,360.0,11.0,0.89,Poor
2026-02-05 22:51:20,33.5,65.5,0.0,361.0,12.0,0.88,Poor
2026-02-05 22:51:26,33.5,65.5,0.0,364.0,12.0,0.89,Poor
2026-02-05 22:51:31,33.5,65.5,0.0,362.0,13.0,0.87,Poor
2026-02-05 22:51:36,33.5,65.4,0.0,362.0,13.0,0.89,Poor
2026-02-05 22:51:42,33.5,65.6,0.0,383.0,35.0,0.88,Poor
2026-02-05 22:51:48,33.5,65.6,0.0,361.0,11.0,0.85,Poor
2026-02-05 22:51:53,33.5,65.6,0.0,362.0,13.0,0.86,Poor
2026-02-05 22:51:59,33.5,65.5,0.0,361.0,12.0,0.86,Poor
2026-02-05 22:52:05,33.5,65.6,0.0,363.0,12.0,0.87,Poor
2026-02-05 22:52:10,33.5,65.6,0.0,363.0,14.0,0.87,Poor
2026-02-05 22:52:16,33.4,65.6,0.0,362.0,9.0,0.86,Poor
2026-02-05 22:52:21,33.4,65.6,0.0,360.0,10.0,0.86,Poor
2026-02-05 22:52:27,33.4,65.6,0.0,361.0,11.0,0.87,Poor
2026-02-05 22:52:32,33.4,65.7,0.0,362.0,12.0,0.88,Poor
2026-02-05 22:52:38,33.4,65.6,0.0,362.0,10.0,0.87,Poor
2026-02-05 22:52:44,33.4,65.6,0.0,363.0,5.0,0.88,Poor
2026-02-05 22:52:50,33.4,65.6,0.0,362.0,13.0,0.87,Poor
2026-02-05 22:52:56,33.4,65.6,0.0,364.0,14.0,0.88,Poor
2026-02-05 22:53:01,33.4,65.5,0.0,364.0,14.0,0.87,Poor
2026-02-05 22:53:07,33.4,65.6,0.0,362.0,12.0,0.88,Poor
2026-02-05 22:53:13,33.4,65.6,0.0,364.0,14.0,0.87,Poor
2026-02-05 22:53:18,33.5,65.6,0.0,363.0,11.0,0.88,Poor
2026-02-05 22:53:24,33.4,65.7,0.0,361.0,13.0,0.87,Poor
2026-02-05 22:53:29,33.4,65.7,0.0,364.0,13.0,0.87,Poor
2026-02-05 22:53:35,33.4,65.6,0.0,364.0,12.0,0.86,Poor
2026-02-05 22:53:40,33.5,65.6,0.0,361.0,12.0,0.88,Poor
2026-02-05 22:53:45,33.4,65.7,0.0,364.0,12.0,0.86,Poor
2026-02-05 22:53:51,33.4,65.6,0.0,361.0,11.0,0.87,Poor
2026-02-05 22:53:56,33.4,65.6,0.0,362.0,12.0,0.86,Poor
2026-02-05 22:54:02,33.4,65.6,0.0,364.0,14.0,0.86,Poor
2026-02-05 22:54:10,33.4,65.5,0.0,362.0,12.0,0.88,Poor
2026-02-05 22:54:16,33.4,65.6,0.0,364.0,14.0,0.88,Poor
2026-02-05 22:54:21,33.4,65.6,0.0,364.0,13.0,0.86,Poor
2026-02-05 22:54:27,33.4,65.6,0.0,359.0,9.0,0.86,Poor
2026-02-05 22:54:32,33.4,65.6,0.0,363.0,14.0,0.87,Poor
2026-02-05 22:54:37,33.4,65.6,0.0,356.0,5.0,0.89,Poor
2026-02-05 22:54:43,33.4,65.6,0.0,387.0,35.0,0.88,Poor
2026-02-05 22:54:48,33.4,65.6,0.0,381.0,30.0,0.87,Poor
2026-02-05 22:54:54,33.4,65.6,0.0,364.0,13.0,0.86,Poor
2026-02-05 22:54:59,33.4,65.7,0.0,361.0,9.0,0.85,Poor
2026-02-05 22:55:05,33.4,65.8,0.0,361.0,11.0,0.85,Poor
2026-02-05 22:55:10,33.4,65.8,0.0,362.0,11.0,0.86,Poor
2026-02-05 22:55:16,33.3,65.7,0.0,363.0,14.0,0.85,Poor
2026-02-05 22:55:21,33.4,65.9,0.0,362.0,11.0,0.87,Poor
2026-02-05 22:55:27,33.3,65.7,0.0,364.0,14.0,0.87,Poor
2026-02-05 22:55:32,33.4,65.7,0.0,364.0,14.0,0.86,Poor
2026-02-05 22:55:38,33.4,65.7,0.0,363.0,14.0,0.87,Poor
2026-02-05 22:55:44,33.3,65.8,0.0,364.0,13.0,0.86,Poor
2026-02-05 22:55:49,33.3,65.8,0.0,362.0,13.0,0.87,Poor
2026-02-05 22:55:55,33.3,65.8,0.0,362.0,12.0,0.86,Poor
2026-02-05 22:56:01,33.3,65.8,0.0,363.0,14.0,0.86,Poor
2026-02-05 22:56:06,33.3,65.7,0.0,363.0,14.0,0.86,Poor
2026-02-05 22:56:12,33.3,65.8,0.0,364.0,14.0,0.87,Poor
2026-02-05 22:56:18,33.3,65.9,0.0,363.0,12.0,0.86,Poor
2026-02-05 22:56:23,33.4,65.8,0.0,364.0,14.0,0.88,Poor
2026-02-05 22:56:28,33.3,65.8,0.0,356.0,5.0,0.86,Poor
2026-02-05 22:56:34,33.3,65.9,0.0,363.0,14.0,0.88,Poor
2026-02-05 22:56:39,33.3,65.8,0.0,379.0,28.0,0.85,Poor
2026-02-05 22:56:45,33.3,65.9,0.0,364.0,14.0,0.86,Poor
2026-02-05 22:56:50,33.3,65.9,0.0,363.0,12.0,0.86,Poor
2026-02-05 22:56:56,33.3,65.8,0.0,362.0,12.0,0.85,Poor
2026-02-05 22:57:02,33.4,65.8,0.0,364.0,14.0,0.86,Poor
2026-02-05 22:57:08,33.3,65.9,0.0,355.0,14.0,0.85,Poor
2026-02-05 22:57:13,33.3,65.9,0.0,363.0,14.0,0.85,Poor
2026-02-05 22:57:19,33.3,66.0,0.0,355.0,5.0,0.87,Poor
2026-02-05 22:57:24,33.3,65.8,0.0,355.0,13.0,0.85,Poor
2026-02-05 22:57:30,33.3,65.8,0.0,363.0,14.0,0.85,Poor
2026-02-05 23:22:57,33.4,65.2,0.0,430.0,93.0,0.98,Poor
2026-02-05 23:23:02,33.5,65.4,126.45,468.0,112.0,0.98,Poor
2026-02-05 23:23:11,33.4,65.3,0.0,425.0,74.0,0.95,Poor
2026-02-05 23:23:16,33.5,68.3,5400.0,1557.0,1466.0,1.66,Poor
2026-02-05 23:23:22,33.4,66.0,39.41,878.0,650.0,1.25,Poor
2026-02-05 23:23:28,33.4,67.4,5090.55,1232.0,1157.0,1.62,Poor
2026-02-05 23:23:33,33.4,67.7,5400.0,871.0,904.0,2.16,Poor
2026-02-05 23:23:38,33.4,66.3,688.94,973.0,795.0,1.66,Poor
2026-02-05 23:23:46,33.4,65.8,266.67,1136.0,1004.0,1.55,Poor
2026-02-05 23:23:52,33.4,65.7,402.05,958.0,904.0,1.76,Poor
2026-02-05 23:23:57,33.4,66.4,5203.37,959.0,885.0,2.85,Poor
2026-02-05 23:24:03,33.5,66.1,769.52,1183.0,1232.0,1.95,Poor
2026-02-05 23:24:09,33.5,65.9,3606.15,965.0,814.0,2.3,Poor
2026-02-05 23:24:14,33.5,66.3,506.81,1509.0,1491.0,1.93,Poor
2026-02-05 23:24:19,33.6,65.2,690.55,911.0,681.0,1.52,Poor
2026-02-05 23:24:25,33.7,66.7,697.0,1543.0,1641.0,2.07,Poor
2026-02-05 23:24:30,33.7,65.0,0.0,901.0,680.0,1.51,Poor
2026-02-05 23:24:36,33.7,64.5,0.0,779.0,476.0,1.35,Poor
2026-02-05 23:24:41,33.7,64.4,0.0,683.0,302.0,1.26,Poor
2026-02-05 23:24:47,33.8,64.3,0.0,588.0,230.0,1.21,Poor
2026-02-05 23:24:52,33.7,64.3,0.0,545.0,187.0,1.18,Poor
2026-02-05 23:24:58,33.7,64.4,0.0,508.0,151.0,1.16,Poor
2026-02-05 23:25:03,33.7,64.3,0.0,472.0,120.0,1.13,Poor
2026-02-05 23:25:09,33.7,64.2,0.0,463.0,103.0,1.13,Poor
2026-02-05 23:25:14,33.7,64.2,0.0,438.0,86.0,1.1,Poor
2026-02-05 23:25:20,33.7,64.3,0.0,428.0,72.0,1.08,Poor
2026-02-05 23:25:26,33.7,64.2,0.0,410.0,60.0,1.08,Poor
2026-02-05 23:25:31,33.7,64.2,0.0,401.0,50.0,1.05,Poor
2026-02-05 23:25:37,33.7,64.4,0.0,395.0,45.0,1.06,Poor
2026-02-05 23:25:42,33.7,64.3,0.0,394.0,44.0,1.05,Poor
2026-02-05 23:25:48,33.6,64.4,0.0,389.0,36.0,1.05,Poor
2026-02-05 23:25:53,33.7,64.5,0.0,380.0,32.0,1.05,Poor
2026-02-05 23:25:58,33.7,64.4,0.0,382.0,31.0,1.02,Poor
2026-02-05 23:26:21,33.7,64.3,0.0,365.0,6.0,0.99,Poor
2026-02-05 23:26:27,33.7,64.3,0.0,365.0,15.0,1.01,Poor
2026-02-05 23:26:33,33.7,64.4,0.0,355.0,14.0,0.99,Poor
2026-02-05 23:26:39,33.7,64.3,0.0,355.0,14.0,1.0,Poor
2026-02-05 23:26:44,33.6,64.2,0.0,357.0,7.0,0.99,Poor
2026-02-05 23:26:50,33.7,64.1,0.0,356.0,6.0,0.99,Poor
2026-02-05 23:26:56,33.7,64.1,0.0,356.0,6.0,0.98,Poor
2026-02-05 23:27:01,33.7,64.2,0.0,355.0,5.0,0.98,Poor
2026-02-05 23:27:07,33.6,64.2,0.0,355.0,14.0,0.99,Poor
2026-02-05 23:27:12,33.7,64.1,0.0,357.0,8.0,0.98,Poor
2026-02-05 23:27:21,33.7,64.1,0.0,371.0,19.0,1.0,Poor
2026-02-05 23:27:26,33.6,64.2,0.0,358.0,7.0,0.97,Poor
2026-02-05 23:27:32,33.6,64.2,0.0,359.0,15.0,0.97,Poor
2026-02-05 23:27:38,33.6,64.2,0.0,358.0,8.0,0.98,Poor
2026-02-05 23:27:43,33.6,64.2,0.0,365.0,17.0,0.97,Poor
2026-02-05 23:27:49,33.6,64.3,0.0,366.0,17.0,0.97,Poor
2026-02-05 23:27:54,33.6,64.4,0.0,360.0,10.0,0.98,Poor
2026-02-05 23:28:00,33.6,64.4,0.0,374.0,27.0,0.98,Poor
2026-02-05 23:28:05,33.5,64.5,0.0,373.0,23.0,0.97,Poor
2026-02-05 23:28:11,33.6,64.5,0.0,372.0,23.0,0.97,Poor
2026-02-05 23:28:17,33.6,64.5,0.0,373.0,24.0,0.98,Poor
2026-02-05 23:28:22,33.5,64.4,0.0,378.0,27.0,0.97,Poor
2026-02-05 23:28:27,33.5,64.4,0.0,368.0,17.0,0.99,Poor
2026-02-05 23:28:33,33.5,64.5,0.0,373.0,23.0,0.98,Poor
2026-02-05 23:28:38,33.5,64.5,0.0,368.0,15.0,0.97,Poor
2026-02-05 23:28:44,33.5,64.5,0.0,365.0,15.0,0.96,Poor
2026-02-05 23:28:49,33.5,64.5,0.0,355.0,6.0,0.96,Poor
2026-02-05 23:28:55,33.5,64.5,0.0,367.0,18.0,0.96,Poor
2026-02-05 23:29:00,33.5,64.7,0.0,375.0,28.0,0.98,Poor
2026-02-05 23:29:06,33.5,64.6,0.0,374.0,22.0,0.97,Poor
2026-02-05 23:29:11,33.5,64.8,0.0,376.0,24.0,0.99,Poor
2026-02-05 23:29:17,33.5,65.2,0.0,389.0,42.0,1.02,Poor
2026-02-05 23:29:22,33.4,65.2,0.0,432.0,83.0,1.01,Poor
2026-02-05 23:29:31,33.5,65.5,0.0,424.0,75.0,1.02,Poor
2026-02-05 23:29:36,33.4,65.5,0.0,405.0,51.0,0.99,Poor
2026-02-05 23:29:42,33.4,65.6,0.0,403.0,54.0,1.01,Poor
2026-02-05 23:29:47,33.4,65.6,0.0,413.0,64.0,1.01,Poor
2026-02-05 23:30:03,33.4,65.6,0.0,423.0,67.0,1.02,Poor
2026-02-05 23:30:08,33.4,65.6,0.0,417.0,69.0,1.02,Poor
2026-02-05 23:30:14,33.4,65.5,0.0,419.0,71.0,1.01,Poor
2026-02-05 23:30:19,33.4,65.7,0.0,419.0,68.0,1.01,Poor
2026-02-05 23:30:24,33.4,65.6,0.0,415.0,62.0,1.03,Poor
2026-02-05 23:30:30,33.4,65.7,0.0,451.0,101.0,1.03,Poor
2026-02-05 23:30:35,33.4,65.6,0.0,416.0,62.0,1.0,Poor
2026-02-05 23:30:41,33.4,65.7,0.0,406.0,54.0,0.99,Poor
2026-02-05 23:30:47,33.3,65.5,0.0,401.0,48.0,1.0,Poor
2026-02-05 23:30:52,33.4,65.6,0.0,400.0,51.0,1.0,Poor
2026-02-05 23:31:03,33.3,65.7,0.0,399.0,53.0,1.01,Poor
2026-02-05 23:31:09,33.3,65.6,0.0,426.0,68.0,1.01,Poor
2026-02-05 23:31:14,33.3,65.6,0.0,384.0,33.0,0.98,Poor
2026-02-05 23:31:20,33.3,65.6,0.0,385.0,36.0,1.01,Poor
2026-02-05 23:31:25,33.3,65.6,0.0,409.0,60.0,1.01,Poor
2026-02-05 23:31:31,33.3,65.6,0.0,385.0,33.0,0.98,Poor
2026-02-05 23:31:36,33.3,65.5,0.0,373.0,25.0,0.98,Poor
2026-02-05 23:31:42,33.3,65.5,0.0,379.0,27.0,0.98,Poor
2026-02-05 23:31:48,33.3,65.4,0.0,374.0,25.0,0.98,Poor
2026-02-05 23:31:53,33.3,65.5,0.0,378.0,26.0,0.99,Poor
2026-02-05 23:31:59,33.3,65.5,0.0,374.0,26.0,0.98,Poor
2026-02-05 23:32:04,33.3,65.3,0.0,369.0,19.0,0.98,Poor
2026-02-05 23:32:09,33.3,65.5,0.0,374.0,23.0,0.99,Poor
2026-02-05 23:32:18,33.3,65.6,0.0,369.0,17.0,1.0,Poor
2026-02-05 23:32:23,33.3,65.4,0.0,371.0,16.0,0.97,Poor
2026-02-05 23:32:29,33.2,65.5,0.0,358.0,8.0,0.98,Poor
2026-02-05 23:32:34,33.2,65.5,0.0,359.0,9.0,0.98,Poor
2026-02-05 23:32:40,33.3,65.5,0.0,359.0,9.0,0.99,Poor
2026-02-05 23:32:45,33.2,65.5,0.0,361.0,11.0,0.98,Poor
2026-02-05 23:32:51,33.2,65.5,0.0,360.0,10.0,0.99,Poor
2026-02-05 23:32:56,33.2,65.6,0.0,360.0,9.0,1.0,Poor
2026-02-05 23:33:02,33.2,65.5,0.0,361.0,10.0,0.97,Poor
2026-02-05 23:33:07,33.2,65.7,0.0,357.0,6.0,0.99,Poor
2026-02-05 23:33:12,33.2,65.7,0.0,359.0,9.0,0.98,Poor
2026-02-05 23:33:18,33.2,65.6,0.0,361.0,11.0,1.0,Poor
2026-02-05 23:33:23,33.2,65.7,0.0,382.0,36.0,0.98,Poor
2026-02-05 23:33:29,33.1,65.7,0.0,372.0,26.0,0.99,Poor
2026-02-05 23:33:34,33.1,65.6,0.0,370.0,18.0,0.98,Poor
2026-02-05 23:33:39,33.1,65.7,0.0,361.0,11.0,0.97,Poor
2026-02-05 23:33:45,33.2,65.8,0.0,355.0,6.0,0.99,Poor
2026-02-05 23:33:50,33.1,65.7,0.0,365.0,16.0,0.96,Poor
2026-02-05 23:33:56,33.1,65.9,0.0,355.0,5.0,0.97,Poor
2026-02-05 23:34:01,33.1,65.8,0.0,357.0,17.0,0.97,Poor
2026-02-05 23:34:07,33.1,65.9,0.0,356.0,6.0,0.98,Poor
2026-02-05 23:34:12,33.1,65.9,0.0,355.0,7.0,0.97,Poor
2026-02-05 23:34:18,33.1,65.8,0.0,357.0,8.0,1.0,Poor
2026-02-05 23:34:23,33.1,65.8,0.0,394.0,48.0,0.99,Poor
2026-02-05 23:34:28,33.1,65.8,0.0,393.0,39.0,0.98,Poor
2026-02-05 23:34:34,33.1,65.9,0.0,380.0,26.0,0.97,Poor
2026-02-05 23:34:40,33.1,65.9,0.0,361.0,12.0,0.94,Poor
2026-02-05 23:34:45,33.1,65.9,0.0,364.0,14.0,0.96,Poor
2026-02-05 23:34:50,33.1,65.9,0.0,355.0,6.0,0.97,Poor
2026-02-05 23:34:56,33.1,65.8,0.0,363.0,13.0,0.95,Poor
2026-02-05 23:35:02,33.1,65.8,0.0,356.0,6.0,0.95,Poor
2026-02-05 23:35:07,33.1,66.0,0.0,357.0,6.0,0.96,Poor
2026-02-05 23:35:12,33.1,65.9,0.0,355.0,5.0,0.96,Poor
2026-02-05 23:35:18,33.0,65.9,0.0,355.0,6.0,0.98,Poor
2026-02-05 23:35:23,33.1,66.0,0.0,358.0,8.0,0.95,Poor
2026-02-05 23:35:29,33.1,65.9,0.0,357.0,8.0,0.95,Poor
2026-02-05 23:35:34,33.0,65.9,0.0,357.0,7.0,0.95,Poor
2026-02-05 23:35:39,33.0,65.9,0.0,357.0,6.0,0.98,Poor
2026-02-05 23:35:45,33.0,65.9,0.0,357.0,7.0,0.96,Poor
2026-02-05 23:35:50,33.0,65.8,0.0,358.0,7.0,0.96,Poor
2026-02-05 23:35:56,33.0,66.0,0.0,357.0,6.0,0.97,Poor
2026-02-05 23:36:01,33.1,65.8,0.0,358.0,7.0,0.95,Poor
2026-02-05 23:36:07,33.1,65.9,0.0,359.0,8.0,0.96,Poor
2026-02-05 23:36:12,33.1,65.9,0.0,361.0,19.0,0.95,Poor
2026-02-05 23:36:17,33.1,66.0,0.0,356.0,14.0,0.94,Poor
2026-02-05 23:36:23,33.1,65.9,0.0,355.0,7.0,0.97,Poor
2026-02-05 23:36:29,33.1,65.9,0.0,358.0,8.0,0.95,Poor
2026-02-05 23:36:34,33.0,65.8,0.0,356.0,7.0,0.96,Poor
2026-02-05 23:36:40,33.1,65.9,0.0,357.0,7.0,0.94,Poor
2026-02-05 23:36:46,33.1,65.8,0.0,356.0,6.0,0.97,Poor
2026-02-05 23:36:52,33.1,65.8,0.0,356.0,6.0,0.94,Poor
2026-02-05 23:36:57,33.1,65.8,0.0,358.0,7.0,0.96,Poor
2026-02-05 23:37:03,33.1,65.8,0.0,357.0,7.0,0.94,Poor
2026-02-05 23:37:08,33.1,65.7,0.0,357.0,7.0,0.96,Poor
2026-02-05 23:37:13,33.1,65.8,0.0,355.0,6.0,0.96,Poor
2026-02-05 23:37:19,33.1,65.9,0.0,385.0,37.0,0.95,Poor
2026-02-05 23:37:24,33.1,65.8,0.0,356.0,6.0,0.93,Poor
2026-02-05 23:37:30,33.1,65.8,0.0,355.0,6.0,0.95,Poor
2026-02-05 23:37:35,33.1,65.8,0.0,364.0,14.0,0.94,Poor
2026-02-05 23:37:41,33.1,65.6,0.0,376.0,28.0,0.96,Poor
2026-02-05 23:37:46,33.1,65.8,0.0,356.0,5.0,0.93,Poor
2026-02-05 23:37:52,33.2,65.7,0.0,355.0,14.0,0.93,Poor
2026-02-05 23:37:57,33.2,65.6,0.0,364.0,5.0,0.95,Poor
